,raw_sequence,component
0,GTGGTCGTCGTTAGCTCATAGGCTATAAT,1
1,TGGAAAAGAGTTGATCGCTATCCTATAAT,1
2,AGGGCAAAAGCTAACGTGCGTGGTATACT,1
3,TTGATCTCTTCTGTGTATCGGTCTACATT,1
4,GCGACATTGAGAGCGATGTGGTCTATAAT,1
5,TGGTTAGAGCTGACAACAGAGACTATAAT,1
6,TTTGTAAAGAAATTGACTAGAATTAAAAC,1
7,ATTGCATCCCGTCTAAGCTGACCTATACT,1
8,GCGGTAATTGCGGGTGTTTCAGCTATAAT,1
9,CTGATATATGAAAGTTTAATGAGTATAAT,1
10,TGGGCACGGGGCGGGGGATAGTTTATAAT,1
11,GTGGTTATAATAACAATATATCCTATAAT,1
12,AGGGCTCGGCCGCATTTTGAGTATATAAT,1
13,TAGATGAAAGTGGTTTTTTATCATATAAT,1
14,TCGATATATAATTATGTTGCTATTATAAT,1
15,TTGATTATTTGCAGGAGTTAGTTTATATT,1
16,TGGGCAAAAATCTAGGCGAAGTGTATAAT,1
17,GCGGTTTCTTAAAAGCATATTATTATAAT,1
18,ATGATTGGGTTTACATGATGTACTATACT,1
19,TTGGTATCAGGTAAAGTTTGGTCTATAAT,1
20,AAGGTAGGTACTCGAATATGTGCTACACT,1
21,ACGATATAATTATTGTTCTGTGATATAAT,1
22,TTGGTAAGATTCTGCTGATCCTCTATAAT,1
23,TCGATTTTGAATCGTGCTAAAATTACAAT,1
24,TGGGCAAGAGATGCCGCAGCGTCTATACT,1
25,TATATATACGATGTCGTGTATACTATAAT,1
26,GTGGCAACACGATCGAGAGGGACTATAAT,1
27,TGGGTAAAGTCCACAGATTTGGGTATAAT,1
28,TGGACCAAATAAAATATGGAATCTATACT,1
29,TTGACCGGGTGCGGCATTACGTCTATCCT,1
30,GCGACAAGTTATTGTGGGTCGTCTATAAT,1
31,AAGACAAAGCATGCTCTCGGGACTATACT,1
32,TTGGGAGTATTGGGGATCGAGGCTATAAT,1
33,GTGGTAGGTTAGTAAGTAGGCTATATATT,1
34,CAGACAAAGTCCTGAATGGTGGCTATAAT,1
35,TTTGTATGCAGTACTAGACGGACTATAAT,1
36,TAGACAGGAAAACAGCGCACAGCTATAAT,1
37,GAGACTGATGCTTATTTTTGGTGTATATT,1
38,TTGAAAATAACCAAGTTGCAACCTATAAT,1
39,AAGGCTCTACTTAGGATCCATGCTATAAT,1
40,TAGACTTGAGCAGGATCGTAGTCTATGCT,1
41,ATGGCACGGGGGGGGAAAGGGTCTATAAT,1
42,TCTGTATAATTCTGTTTTTCGTTTATAAT,1
43,GAGACGGGATTCGCGTTGTACGTTATAAT,1
44,GGGACAACAGCCGTTGCATCAAGTTTAAT,1
45,ACGGTATGCTATATTAGAATTGATATTCT,1
46,ATGGCAAAGTGAAGCTGATAGGCTATAAT,1
47,ACGATATTGGAGGTGTGATGTACTATAAT,1
48,TCGATCTTCCTGGCAGACTGTTATATGAT,1
49,CTGGTGCTTTTCTAAAACGTTACTATAAT,1
50,ATGGTCAGTGGGCACGGATATACTATAAT,1
51,TATACTGTTTCGGGTTCACCAGCTATACT,1
52,AGGATAGTGTGTTAGGTATGCGTTATAAT,1
53,TGGACAGTAATGTTATCGGGTTCTATTAT,1
54,TTGGTGTTTTAAACATAGTATTCTATAAT,1
55,GTGATCAACGAGTGGTGCTATACTATAAT,1
56,ATGTCACAGTGCATATTTTTAGCTATAAT,1
57,TCGGCCTTTTTTCATTGTTGTTATATAAT,1
58,GGGACGTATTCAGAGCTCCCGTCTATAAT,1
59,TGGTCACGAGACTGTTCTAGTATTATAAT,1
60,TCGATATGTACATTGAAAATGTATATAAT,1
61,TGGGCGTTGGTCGTTAGCTGTTCTATAAT,1
62,TCGTCAATGTGCTGTTTTAGGACTATAAT,1
63,TGGGCACATTCCGCGGAGAGATGTATACT,1
64,CTGGCAATATCGGTTTCATACATTATACT,1
65,TGGACCACGGCGATATCCTCAACTATAAT,1
66,TTGGCTTAACTTCTCCCAAAGGTTATAAT,1
67,TCGTTAATTTGAATTATTTCGTCTATAAT,1
68,GTGACGGCTCGGTAAGAGTTTACTATAAT,1
69,TGGGCTAATTTACGGGAGTGGTGTATAAT,1
70,TAGGTGTTTTTTTTTAATCGGATTATAAT,1
71,TTTGTTAAACTAGGAGAAGGGTCTATAAT,1
72,TAGATCAGCCTGAAAAAAGGAACTACAAT,1
73,TAGGTCCAACATTCAATAAATATTATGGT,1
74,TGGACGGTTTGGTGTTTAGGTTCTATATT,1
75,ATGGTGAATTGCTGGCAGTGGGTTATAAT,1
76,GTGACTTAAGACAGCAGTTAGAGGATACT,1
77,TCGATTGCTATTTATGTTTGTACTATAAT,1
78,CTGGTGTTCAACTGTTTCTGTCCTATAAT,1
79,ATGGTGGTTATCCCTATGGTGGCTATAAT,1
80,TGGATAAAAGGTACCTTAAAGTCTATAAT,1
81,TATACATGGTTCGTGTGATCTGCTATAAT,1
82,TAGACGGACGTTGAAAGAAATTATATAAT,1
83,GTGACCGCTCCGAGTTCGTGCTCTATAAT,1
84,ATGGCTATTCTTGCGATGACGATTATAAT,1
85,GTGTCAAATTCTAAGGGCCGGTCTATAAT,1
86,GTGTCAGAAATGGAAACCGATATTATAAT,1
87,TCGGCAATCTTGGCTATGTTTGTTATACT,1
88,TGGGTCGGGCACTGGATGTGGTGTATACT,1
89,GGGGCAATCTTTATAGATGGGGCTATAAT,1
90,ATGGCCTGCCTTAGATTTGCGTCTATAAT,1
91,TTGTTGTCAGTATATTACGCTTTTATCCT,1
92,TTTGTAGTGATAGAAAATGCAACTATACT,1
93,CCGACATCGAATGCGGAATGGTGTATAAT,1
94,ATGCTACACTTAAAGGCTCATATTATAGT,1
95,ATGATCATAATGAGGAGGTATGATATACT,1
96,AGGACGCTTGTGCAGATTTAGCATATAAT,1
97,CAGACACAATAGAGAAAGCGAGCTATAAT,1
98,TGGGCGAAATGGAGAAGGAAGGCTACACT,1
99,CTGACTGTAACAGCAAGATTACACAAAAT,1
100,TGGGTAAATCATAGTAGATTGAGTATAAT,1
101,AGGATGACTTGACCCGTATGGGCTATAAT,1
102,ATGGCAAGTTATGTAATTAGTTTTATAAT,1
103,GAGACAGCATAGATAAAGTGGACTATAAT,1
104,ATGACGTACTAAGTAGTTTGAACTATAAT,1
105,TTGGTGTCATTATCATATCATACTATAAT,1
106,ATGTTACCTCACATATTTGATGTTATAAT,1
107,TCGATCAGCAGTGCTATAATATATATAAT,1
108,TTTGCGCCTGGCGTAGAAAAAACTATAAT,1
109,TTGGGATTTCATTTTTTCCGTTATATAAT,1
110,TGGTTAGTTTGGATCGTAGCGTATATAAT,1
111,TGGTTAATGGCGGATAAAAGAACTATAAT,1
112,CTGGCTTTAAAAGCAATTTGACTTATAAT,1
113,AAGGTTCTATGTGGAGACTATACTATAAT,1
114,ACGGCTTGTTTTTTGCGATCGCCTTTAAT,1
115,GGGACGGATCTTAATCTAACTGCTATAAT,1
116,CAGACAACAGGCGCGAAATAGGCTATAAT,1
117,TGTACAACGGACGGTCTAACGACTATATT,1
118,ACGGCAGGAGCTCGGTTATGTTGTATAAT,1
119,TCGGCATTTTCGACTTGTTAGGGTATAAT,1
120,AAGATGGATTTTTAAACGCCTGCTATAGT,2
121,GTGATGTGGTGTGATTCTGTTGCTATCAT,2
122,ATGTCAAGACAGTACATCGTGTGTATAAT,2
123,TTGGCAGATAAGTGATTTGCTTTTATAAT,2
124,CTGGCTTATACGAAACTTCGACTTATAAT,2
125,TGGGCAGGGGTATGAGGGGGGTGTATAAT,2
126,CTGACAGGATAGTCGATTAGGACTATAAT,2
127,GAGGTAGTTTGGTTGGGGTTTAGTATAAT,2
128,TTGGTGTCTTTTTTCTAAACATTTATAAT,2
129,AGGACGCGGTCGCTCTTAGGCACGATAAT,2
130,CGGATTGGGTATATAATTTCTGGTATAAT,2
131,TGTACTCATTGGGCACGTGCACTTATACT,2
132,TAGACAGGTTGTAACGTCATAATTATAAT,2
133,TAGGTAGTTTTTTAGCGAAGATGTATAAT,2
134,TTGTTGGTTGCAATAATAATTGTTACAAA,2
135,TTGGTCTCCGGGTAAGAGGTTGCTATAAT,2
136,TCGACCAGTTCTCAAGATAATATTATAAT,2
137,TTTACGAAGAGTGACACTAGGGGTAGAAT,2
138,GCGATTACCCGCTCTTGAGATAGTATAAT,2
139,TCGACGGTTTGAATACGTGATATTATAAT,2
140,TTGTTAGTGCGGGGAGTCATTGATAGGAT,2
141,TCTATAGGTCTTCGGAGGAGATATATGTT,2
142,GTGGCTGCAATCGTACAATTTTGTATAAT,2
143,GCGACACAGTAGGAGATTGTTTATATAGT,2
144,ATTGCAGACCTGGCCGGCCATAATATACT,2
145,GAGATGAAATGATTGATACTCTATATAAT,2
146,GTTGTAGGCCGGAGGGCAAGTGGTATAAT,2
147,CTGGCGCAGTTGAAAAAGTCGGATATAAT,2
148,TTGGTGTTGCGATGTCTAAGTATTATAAT,2
149,CGGATAGGCTAGCTCGGTGGGAATATCAT,2
150,GGGACAGAGACAGTCTTCTTGATTATAAT,2
151,TGGACGGTTTGGTGTTTAGGTTCTAGACT,2
152,GTGGCATGGGCGTGAAAGAGCGTTATAAT,2
153,AAGGTTGTCGACTTGATCTGTTATATAAT,2
154,GTGATGTGTGACGGGACCTGGTATACAGT,2
155,TGGGTAAGAAAACTGTGCTAAGGTACAAT,2
156,CAGGGCATTTTGGTGGGGTAGGTTATAAT,2
157,AGGACCTTGGTAGCGAAGTATATTATAAT,2
158,AAGACAAGGAACTATTTAAGTTTTATAAT,2
159,TCGACTGCTGTAAAAAGGGGTAATATAAT,2
160,TGGGTTCGGTGAGGATATGGATCTATAAT,2
161,TGGACGGGTGGTGTAGTGGAGGTTATAAT,2
162,TTTATTCGTTATTTTTCCTGTGTTATAAT,2
163,TAGTTAACACTGTCTGAACGGGTTATAAT,2
164,GGGACTGTGTGACGCAAATGTCGTATAAT,2
165,TCGGCATCTTGTTGGATGGTTACTATAAT,2
166,GAGACGTCATCCTATCGCTGCACTATAAT,2
167,ACGACAGTACAAGGGAACCAAACTATAAT,2
168,TTGGTTTAGCAGGCCCGTCTGGGTATAAT,2
169,TTTGCAATGATGATGCGTGATATTATAAT,2
170,GAGGTAAGTTGACGCGTGGTGTGTATAAT,2
171,GTGGTAAGATAAATAAACCGATATATAAT,2
172,GGGACAGAGGGCTAAGGGTAGTGTATAAT,2
173,GTGGTCTTCAGTTCCATTTATCTTATAAT,2
174,TTCATAGGCGAGCTGCTTCTGTCTATAAT,2
175,CTGACTAATTACGGCTAGTGCAATATACT,2
176,TGGATCCATATTTCAAACAATATTATAAT,2
177,TAGGTAGTACAGGTTTGGTGGTTTATAAT,2
178,TCGGCAGATGTCCATATGTTTCTTATAAT,2
179,TTTACTCATAATTAAAGCTACACTATAAA,2
180,GTGTTATGGTGTATCCCGTGTTCTATACT,2
181,ATGACAATGTAATCGCTTGTTCCTATAAT,2
182,GCGATGACTATTTAGTCACCTACTATAAT,2
183,CTGACGAGTGCTCCTGCATAGGTTATAAT,2
184,GCGGCATCGTGGACATCTTGGGGTATAAT,2
185,CGGGCATCCCTCTGCCTCCCTACTATAAT,2
186,ATGATCGAGGGTTGTTCTTTTGATATAAT,2
187,TCGATTTTTTAATACAGATGTAGCATACT,2
188,TTTGTATGCCGTGGCAACGTGTGTATACT,2
189,TAGATCACAGAAGTTTGCTAAAGTATAAT,2
190,TAGATGTGACGTTCTTTGTCGCATATAAT,2
191,ATGATAAAATAAGTTTGTGTCGCTATAAT,2
192,TATGCAGACGCGACCATTAGGTCTATAAT,2
193,TGGGTATATCCGATTGGGGTGACTATAAT,2
194,TTGGCGTCATGTAATCCTGCTCCTATAAT,2
195,CTGACTCGTAGGGAGGGATGAGTTATAAT,2
196,TCGATGTAATGTATATTGTTGTTTATACT,2
197,TCGACTACGGAATGGATGGGTACTATAAT,2
198,CCGGTAAATGTTTAGCGCTACGTTATAAT,2
199,CTGATAAAATACTCATCGTTGTCTATAAT,2
200,TTTGCTTACATAGGGAGGATTTATATAAT,2
201,TTTGTGCCGACTGTGCTCGCATGTAAAAC,2
202,CTGGTTGGAAAGTAAAAGTAATCTATAAT,2
203,TAGGCACTCTGTGATACAGGGCTTATAAT,2
204,ACGATACAAAAGTTTTTGCATGTTATAAT,2
205,TCTATAATATACGTATGGAAGGCTATAAT,2
206,TTGTTGTGGTCGATATTTGTACCTATAAT,2
207,AGGACTATTCGATGTTGGTGTCATATAAT,2
208,TGGGTGGGATCTTAGATTCAAGGTATAAT,2
209,TTTGTATTGAGGAAATCAGTAGTTATAAT,2
210,TGTGTAAGTAAAAGGTATGCTATTATCTT,2
211,TAGATTGTTATGCCGTAAACCAATATGAA,2
212,GTGTCAACTAGAGATTTGTACTCTATAGT,2
213,TTTGCGCGAATAACTACCGGTGCTATAGT,2
214,TCGATTGGACTATTGTAATTTGGCATAAT,2
215,AAGGTGGCCTACCCAATTTGTTCTATAAT,2
216,GAGACTTACTAAATAACCACTAGTATACT,2
217,GGGGCAAAGAGCAGGGTAGAGGCTATACT,2
218,TAGGTAGTAAAATCGTTGTCATGTATAAT,2
219,TGTGTAAATCAATATAGATGGACTAAAGT,2
220,GTGGTACGCTGAACGAGGCAGACTATAAT,2
221,AAGGCATAGGTGCTAATTAAATCTACACT,2
222,CAGGTAGATCTTCAGCCTTTTGTTATAAT,2
223,TCGACACGTTTGGATAGTGCAACTATAGT,2
224,TGGGCAGATCGGGAGTGTTTGTGTATACT,2
225,TAGACTGTTTCGGTTCGGGTGTTTATAAT,2
226,TTTGTGGTTTTGAATCTCCTTACTATAAT,2
227,TGGACACAAGGGCAACCCCTTTTTATAAT,2
228,GAGGTTTTCGCTAAGAGCTCCTATATAAT,2
229,TAGACCTATCAGAGGTAACGTTCTATAAT,2
230,CTGACTAAGTGCCGCCGACGGCCTATAAT,2
231,AAGATTGGTTATACTCAATGGACAAAAAT,2
232,CCGGCACTTCGTACTGCTATGCTTATAAT,2
233,TCGATATGATAGTAATTACGAGATATAAT,2
234,TCGGTTTTTAGTAGAGGAGATATTATAAT,2
235,TAGGTATTTTTAATGGGAATTAGTATAAT,2
236,AAGGTATACTATAACTTTGTTCTTATAGT,2
237,ACGACATTGTGTTCCAAAGGAATTATAAT,2
238,TTGAGTCCCCCGAATAACCCTACTATACT,2
239,TCGATCTAGGCAATTATCGGTTATATATT,2
240,TCGACCTGTTTGTTAGGTCTATATATAAT,3
241,ATTGCACTCTCATGACCGTGGCATATTAT,3
242,TGGGTTGGTCTAAATTTGATTTTTATAAT,3
243,GTGTTAGACTCTTGTAGTTTAGGTATAAA,3
244,TCTGCAATCGAGTCTCCATATCGTATACT,3
245,AGGGCAAAATTAGGGGGGTCGATTACAAT,3
246,TTTATGGAGAGTGAAAGATAGAGTATTAT,3
247,TCTGCACCTGCACGATCGGAGTCTATAAT,3
248,TTTACATGGGTACCCGGATGTCGTATAAT,3
249,AGGACTAGGGTTAGGTGATGAGCTAGAAT,3
250,GAGGCAGTATAATCTGTAAGATTTATAAT,3
251,ATGGTATGGGGGGGGAGAATAGATATAAT,3
252,TGGGTGCTATTATGTGTCTATTCGAAAAT,3
253,TGGGCGGTGTTTCCCATGGTTGCTATAAT,3
254,TAGGCCTGTCACATTCGAGCTGATATAAT,3
255,TGGACCGAAGGCCGGCTCGGAAATATACT,3
256,ACGATAATTTTCTATTTTTATTATAGAAT,3
257,GAGGCACTATTAGCTGGACTTCCTAAAGT,3
258,GTTGTACCGAAGGCGCCGCTCCGTAATAT,3
259,GGGATAGTAGTCCAGATGACGAGTATACT,3
260,GTGGCTATAATTGTATGTTTTAATACAAT,3
261,TCGGTTATAGGTGTGTATTTAGTTATAAT,3
262,TAGACTAGGGGACGGGGGGAGGTTATTAA,3
263,TTGCCAGCGGCACTAGTCGTCGGTATTAT,3
264,GTGGTGTGAACTTGTCGCACTGGTATAAT,3
265,AAGATTCTAGAAAGGGTTAATTTTATAAT,3
266,ATGACTCCGTAGGTTCATGATTGTATAAT,3
267,TTGAGATGACCCTTTGCAGAGATTATAAT,3
268,TGGGCTATAGGTGTCATATGCTCTATTCT,3
269,TATATAAGTTAAGTGCTTGTTGTTATAAT,3
270,CCGGCATCGTTCCTGCTGCGGCCTATAAT,3
271,GCGGCTTCCCTAGGTCAAGTGGCTATAAT,3
272,AAGGCTCGTTAGCGGTCTTTTACTATAAT,3
273,ATGATAAATGCTGTTTTGTTAGTTATAAT,3
274,TTGCTAGCAATCTGTATCCTAATTATAAT,3
275,GAGACAGTCAAAAAATCCCGGCTTATAAT,3
276,TGTACTATCTTTCGCATAAAATTTATAAT,3
277,TGGGCTAAATATGAGTCAACAGCCATACT,3
278,GGGGCTGTCTCTCCTGATCCGACTATAAT,3
279,AAGGTTCTTTTTGCGTGTTTTTGTATAAT,3
280,TAGACGGGTGTGGTTGATAATATTATAAT,3
281,ATGGCGTTCGGGTTTGTATCAGTTATAGT,3
282,TTTGCATGATGATGGTAGGCACGTAAATT,3
283,ATGATAAAGGATTACAGGATTGATATAAT,3
284,ATGATACTATCTTTGTTAGAGGATATAAT,3
285,AAGGCTCCTGGGTCTGTTATAGCTATAAT,3
286,TTCATAGTAGCGGTGTCTTTTATTAGAAA,3
287,CCGGTACTTTTTTAGAGCCTATATAGAAT,3
288,TCTACAATGTGAGATGTAGTGCATATACT,3
289,TTGGTCTCGTTTATCTAATGTTTTGTAAT,3
290,TTGTCTTGAAAATTCTCAGGAGGTATATT,3
291,GTGACATTTTCGTATATTTTTTATAGAAA,3
292,CGGATACTAATGCAAATAACTGTTATAAT,3
293,AGGATTAAACGTCTTAAGGGTAGTATACT,3
294,GTGTCACCACATGGTTCACGGAGTATAAT,3
295,AGGGTTATACTGTTTTTTAAGGATATCAA,3
296,GTGTCACACTCAGTTTCCATTTCTATAAT,3
297,GGGGTATGGGGTTGATTGGTTGCTAAAAT,3
298,TTGAATTCGCCTGGTCGATGAGGTATAAG,3
299,AAGATGGCCGGGGGTGACTAAACTATAAT,3
300,TTTACAGGCAGAAGCGTCTGCCGTAGAAT,3
301,CTGACTGATGTTTTTTAAGGTGATATAAT,3
302,TGGCTAATGGAGACAATATCCTGTATAAA,3
303,CTGGTTATGCTAAAAAGTAAGCGTATCAT,3
304,TGGGTGGTGTTTTATAAGTGTGCTATGGT,3
305,AAGACTGATTTGATTGGGGCATATATAAT,3
306,AAGACATCGTTCTCATGTTTGTGCAAAAT,3
307,TCTGCACAGGGGTTTCTCGTTTATATAAT,3
308,ATGTCACCTTGACTAAGATGTCCTATTCT,3
309,TAGGTTTGAAGCTGGAGAATAGTTATAAT,3
310,TCGGCATGTTAGTCATTTATTTATATAAT,3
311,CAGGCAGACCACGAATTGGACATTATAAT,3
312,TGGACGGGGTGGGGAGCAGGCCTTATAAT,3
313,TTGGGATGTTTCTGGTAGAGGTTTATAAT,3
314,ATGACGCTTAAGATAATAAGGGTTAAAAT,3
315,CTGGTTATTGAAGGACATGAATTTATAAT,3
316,TCGTCAGATAGTTTTCTAAGGCTTATAAT,3
317,TAGTCAGTAGTCAGACTAGTATTTATAAT,3
318,TATACTACGCAGGGTAGTGTCATTATAAT,3
319,TTGGAAAAGGAGGCTCGATTTATTATAAT,3
320,TAGTTACCTACAAAATTTGAGGATATAAT,3
321,ATGACCCTTTCTAAGATTGATGGTAAGAT,3
322,ATGGTATATCTTAAGCGACCATTTATAAT,3
323,ATTGCACTCTTTCACCGTGTCACTATAGT,3
324,GAGGCAAAGTTATAGAATTGGGATATCAT,3
325,ATGATCAATGTGCTACGCAAGTTGAAAAT,3
326,ACGACTCGGTGGATCAGTTCAGGTATAAT,3
327,TCGTCAACGGCCTTATCTCCAGATATAAT,3
328,TCGATTTTTCCGCGTCGACATAGCAGAAT,3
329,AAGGTATTAATAGATCGTGTTTTTATAAT,3
330,TCTGCATTTGTCCAGAGTCATTATATAAT,3
331,TTGTTACCCATAATAGACATCGGTATAAG,3
332,AAGACATTTATTGGTCTGTTAATCATAAT,3
333,GAGACTGGCTTGCTCCCTAGGTGTATAAT,3
334,GCGACTGGGGCGTGGGTGTGCGATATACT,3
335,ATGACGGAGATGGGTTCTGCCGTTATAAT,3
336,TAGGCAATTGGTGGAGGTATGGCTATGGT,3
337,TTTGTGCATCCCCCATGACTATGTATAGA,3
338,TAGTCAGGGGTATTGGTTAGTGTTAGAAT,3
339,TAGACGATATATCTTCCTTGAGTTATAAA,3
340,GCGATGTCATGAAGTATGCAACCTATAAT,3
341,TAGGCAGAGGGGGGTTATACAAGTATAAT,3
342,ATGTTAGGTATGATAAAGATTGGTATAAT,3
343,GTGGCTCGGGCGCGCGTGTGCGTTATAAT,3
344,TAGTTAGATTAATAGAGAAACAGTATAAT,3
345,CCGGTAGTTCGGGATAGTTATCATATAAT,3
346,TGGGCAGATCGGGAGTGTTTGTGTATAGT,3
347,TTGATTAGGTCAGCATCAAGGACTATACA,3
348,TAGGCGTCGGAGTACGATTTTTGTTTAAT,3
349,TGGATAGGAGCAGCTTGGGAGTGTATAAT,3
350,TCGACGTAGTTTGCTTGGAGAGTTACAAT,3
351,AAGATGAACAATGGGATTTTGGATATAAA,3
352,GTGACCCTGTGCTTAACTAGGAGTACAAT,3
353,ATGGTAATGTCCGCACCGTGTTTTATAAT,3
354,TAGACGAAGGGCAACGGGGGTTGTATAGT,3
355,TGGGTTTTAATATTGATTTAGATTAAAAA,3
356,GGGACTATAGGAGTACTATTATGTATAAT,3
357,ACGATTATGGTGTTGTGTGCGTTTATAAT,3
358,TAGTTAAGACGGGGGCATCGGGTTATAAT,3
359,CGGGTAGGGCGGGGACGGAAGACTATACT,3
360,TTGTTGTTCCCGAACGTGAGCCGTATACT,4
361,CAGATTATTTTGAGCCTCGGTCTTATAAT,4
362,GGGATGGTTACTAGAACGATTCCAAGAAT,4
363,TGGATTTGGATGTGATTAGTTGGCATAAT,4
364,TCGTTAATATTGTATACGGAAACTATAGA,4
365,CTGGTATTCGTGCGATGTAATTTTATAAT,4
366,CTGATAAGTGGCTTAGTGCTGGGTATAAT,4
367,AGGGTTTTTGAAAAGAATGTAGTTATATT,4
368,ATTACATTGCTATATGCACGCGGTATAGT,4
369,TTCATACGGTCACTTTAATCCCGTATAAT,4
370,GGGATGCTAAAACGGTCTAATTTTATAAC,4
371,TATGCAACCTTCCTTGGCGATAATATATA,4
372,TAGGTTAGTGGGAGCACATATCATATAGT,4
373,TAGGCATTATATTTCGAAGGGATTACAAT,4
374,TTTGTGCAGCTTCGTCTTAAGTTTATAGT,4
375,AGTATATAATGTTGAGTTTCCGTTATAAA,4
376,ATGACCCTTGTGGTTTTTTAGAATAAAAC,4
377,CAGACATTCCAGGCAGCTTGGCGTATCGT,4
378,CTGACACATGGTAGAGGGGTGGATATAAT,4
379,GGGGTAAGAGGATATAGTGGACATATAAT,4
380,TTGGCTGGAATGAGGTTCCGGCCCATACT,4
381,AAGACGGAGAAGGGATACGGCACTATTTT,4
382,TTGTCGTTTTGTTTAGTCTGGTTTATAAA,4
383,CTGGTGTTTGCTTATATACTGACTAGAAA,4
384,GTGATTAATAAATTATTTACGTCTATATT,4
385,TTGAGTTCTTCTCCCCGTGGGAGTAAATT,4
386,CTGACGACGGGTGAGGGTTGATGTATAGT,4
387,AAGATGGGTTAGGACATGTGTTATATAAA,4
388,CAGGCATGGCGTGGCCCCTTGTGTGTAAT,4
389,AGGGTTGGTACACAGGACTCGGGTACAGT,4
390,TAGATTAACTTTACGCATGCACTTATAAA,4
391,ATGACTAATATTATCCAGCGGTGTATAAA,4
392,ACGACAGTATAGATCGAATGACCTATATT,4
393,TCGACAACTCAGGCACATTAATCTATAAA,4
394,TTGGTTAACACGTGATTGGTGAATATAAA,4
395,TCGATTGCCACATGTCGTATCTTTATAAT,4
396,TATATATAGCAACGCCCGTTGCCTATAAT,4
397,ACGATATGATTTATCTCGCTTGTTATGAT,4
398,GCGATATTAGGATGATGGTGGTCTAAAAT,4
399,TAGGCTTTAGACGGCTACACTTGTATACC,4
400,TGTACAAGGGGAAGGGAAGAAAATATCAT,4
401,AAGGTTCGTCGAGGTATTTGGCGTATGAT,4
402,GTGACTTGTTGTGGTTAAATGGGTACAAA,4
403,CTGGCTAAAATGGTAAATGGGAATATACG,4
404,CAGACTTGAGAACGTGTCTGTGGTTTAAT,4
405,ATGATAATGTAACTGACTTCGCGTATAAT,4
406,CGGGCAGAGGGCGTCTCTCCCTGTATACT,4
407,TAGGTAGAGTATTGTGTATATTGTAAAGT,4
408,AGGATTGACGACAGTTTTTATTTTATAAT,4
409,CTGGCGTCATATTCGTCGCTTACAATTAT,4
410,GTGGCGCAGTTTAAAAATTTAAATAAACT,4
411,TTGGAACCAGAAACCGCACTAGGTATTAT,4
412,TCGGTATAATACGACAGCGGTCTTATAAT,4
413,TCGGTTGCAGTTTACGAATTTATTATAAT,4
414,CAGATATTGGTTTCGATATAAATTATAAT,4
415,ACGACAGGGGTTAACTGGATGTTTATAAT,4
416,CTGATTAAAGAAGTAGGGATGATTATAAT,4
417,TATGTATCGGGACGTGTCGGTCTTAAAAT,4
418,TATGCACTATTATGGCTGATTCATATAAT,4
419,TCGACCGGAGATGGAAGGTGTATCATAAT,4
420,TGGAAAGATTGTGGGCTTAACCCTATAGT,4
421,TCGGCAAATTGGGCTTGACTTATTATAAT,4
422,TTGACGATTTATCAGTATAGCTATATACA,4
423,TCGGCTTAGGTTTGTTTTATGTATATAAT,4
424,GCGGTATGAAAGTTAGTGGGGTGTATAAT,4
425,CTGATTCCTTTGTTTATAGGACTTATAAT,4
426,TCGATCAGCTTTCTATTGGTGTCCATACT,4
427,GAGATGAGTCGGGGCTCCCTTTCTATAAT,4
428,TCGGCGATTACGCGTGAGATCTATATAAT,4
429,TAGGTTAGTGTTTGGACAGTGCGTATAGT,4
430,GGGGTACGTCTGGCGTAGAGGTTTATAAT,4
431,ATGGCAGAAGGGTTAAAATATAACACAAT,4
432,CGGACATTGTGTTTGCTGTGAAATAGAAT,4
433,GGGATATCACGGACTGACTGTGTGATAAT,4
434,AAGGCAGTCATGCTCTCTCTTCGTATAAT,4
435,AGGATGTTCATAGTGCTGGCAGGTATAAT,4
436,AAGACTAGAAAGGGAGTCAGAGATATAAT,4
437,GTTGTACTGTGCGGGTCTCGAGCCATAAT,4
438,TGGGTCTGGTCGAAGTCACTCAATAAAAA,4
439,GTTATAACCAGCCGGGCTTTGGGTATAAT,4
440,AGGGCTTACAGGGGTAGACTGCCTATAAT,4
441,AAGACTAGTATGAAACAGGTGAGTAGAGT,4
442,CAGACAGACATAATGACACAACGTATAAT,4
443,TAGGCTTGGATCCGTCGGGTCGTTATACT,4
444,CTGACGTAATTGAGAGGACGCTGTAAGAT,4
445,TAGACCATGGCGGCTGTCAGCCTTATAAT,4
446,TCTACACTTAATAGTGCCAAACTTATAAT,4
447,CTGGCATGCGCTGTAGGGTCGTATACAAT,4
448,AAGGTTTAAGGTGGAGCTAAACTTATAAT,4
449,TGGAAAGATCATGCGCGGTCCTTTATGAT,4
450,TCTATTCGCGGTCAATTCCCGGCTAGACT,4
451,GCGACTTTGGGGCAAGAAGGGGGTACAAT,4
452,TCTATAAGGCGGGTGGGTGGCTGTATACT,4
453,TTGGTCTTTCGCGAACACGGATATACAAA,4
454,TGGAAAACCGGCAGGAACCTTCATATATT,4
455,TCGTTAAGGGTTTTCTTCTTTCTTATAAT,4
456,GGGGCTCTGTTGACAAGGACAAGTATAAT,4
457,AGGATTGGTCTATGTACAATAGACATACT,4
458,GAGGCTTTGACTCCGGCCGTCAGCAAAAT,4
459,TCGATTAAGTGAACTTGTAACTATATACT,4
460,CCGGCATATTCAACTCGCTTTGCTATAGA,4
461,AAGATTTTGATAAAGTGTAAACGTATAAT,4
462,CCGGTATGCACTTTCGAATCGGGTATAAT,4
463,TCTGCATCGTGTAGTTATACAGCTACAAT,4
464,AGGGCTCAACGCCATTTGGCAGCTATAGT,4
465,TAGATGAAGATGAAAAGGGGTAATATAAT,4
466,CTGACTTCCAACCTTGTTTGAGATAAAAT,4
467,TTGTCGTGTCCCTGCACCATAGTTACAAG,4
468,AAGACAATGTAGCCATTAATGGGTAGACT,4
469,TCGGCTTAATGATAATGGGAGTATATAAT,4
470,TTGATCGTTGTGGGTTAAATGTATAAAAT,4
471,TCGGCACCTCGAAGTACTTAAACTATGAT,4
472,TGTCTATGATATTGCAATGAAGCTAAATT,4
473,AAGACTTAACTTGACTGTCGTTTTATAAT,4
474,TAGGCGGGAGGGGAGAGTATAGGTATAAT,4
475,TGGATTGTAGATTTGGATAGGGGTAAGAT,4
476,AGGGCAAAAGAAAGTGTTGGAATTATAAT,4
477,TTTGCTAGGCAGAGGGTTTATACTACATT,4
478,TATACAGTATTTTATGTATATTTTAGAAA,4
479,TTGATCCTTGAGTTGCTGGTTATTACAAT,4
480,GCGATACTGATCGCTGGTCGGTGTACAAG,5
481,TGGATGCCTATAAACGGCCTTATTATAAT,5
482,AAGATGCTGATTCGAGGGTCTCGTATAAT,5
483,TGGCTACTTGGTCTCAGCCGTTCTAAATT,5
484,CGGGTAGTTAGGATCGTTGGACGTATAAA,5
485,TTGGGACGTATTAACTCGGGTTTTATAAT,5
486,TAGAGAGTGTCTGTAAGGAGGCGTACAAT,5
487,TTGCCAGAGTTGGGCAGAGTCGGTATAAC,5
488,TATATTATCTCCACTGGAATTTTTATAAT,5
489,TAGACGGATCACGTTGTCGTAGCTAGAGT,5
490,TTTGTAAAGACGCGCCAAGGCAATATGAT,5
491,AGGATATGGGTAGCTACGTTTGTTATGAT,5
492,AGGGTATATTAGTATTTTTTTGATTTAAT,5
493,TCGACCTCTTGCTAACTTTGTCTTATGTT,5
494,GTGATAACAGCCTTGTATCCACATATAAT,5
495,TAGACTGAGTATAGCGAGGGGGGTAGAAA,5
496,AAGACGTCGTTGCGTATTTTTTGTATAAG,5
497,TAGATATATTTCAATGGTGGGAGTATATA,5
498,GCGATTCGTATGCGTGAGCCAAGTATAAT,5
499,TAGGTCTGGGTTCTAGTATGAATTATAGT,5
500,TGGACGCAGGCGGGGGCGGGGGGTAAATT,5
501,GTGGTGGGAGGGTGGTGTGACAATATGAT,5
502,GTGGCTGTAGGGCTTGGCTGAACCATCAT,5
503,TCTATAGCGATTGGGGCTCTCTCTATAGT,5
504,TTGGTCTGATTGGTATAAGTTTTTATAAT,5
505,ATGGTGTGAAAGTGGGGGGGAAGTATAAT,5
506,GAGATGTCGACATTTCGCAGCAATATAAT,5
507,GAGGCATCGGCTTGATGATTTTTTATAAT,5
508,GAGGCACGTTATCGCATGACCTTTATAAT,5
509,GGGATGAGTTTGACAGTTATGCTTATATT,5
510,TCGGTTGGTAAGGAGCTGATCACTATAAT,5
511,TAGGCTATTTTTTTATGGTTGGTTAAATT,5
512,TAGGCTGATTTATTCGCGGCGCTTATTCT,5
513,ATGTTAATGTTGGGCGCGTTGGGTATCTT,5
514,TTTGTGCAAATGACTTGTGACCCTATAAA,5
515,GTGATTAGTTCAGGATGTAGGCTTATGAT,5
516,GTGACCGTGGTGTCTGACGGCTCAATAGT,5
517,CTGGCGTTACGGCTGGGCGGGCCTATAGT,5
518,GAGGTATTGTGGTAATGGGTCCGTAGAAA,5
519,CCGGCAGCTCCTGAGGGTGCGCATATAAT,5
520,TGGATATGAAATTATGCGTGAGGTATAAC,5
521,GTGGTAAGGTTGTCTTCGATAACTATAGT,5
522,TCGGTTGAATTAGGGGAGAGTAGTATAAT,5
523,TTGGAAAAGATGATGACAGGTGCTAAAAC,5
524,TAGATAACGCTTTCTGGTTTGTATATATT,5
525,TCGGTCTGATCGTCTGATCTTCTTATAAT,5
526,TGTGTACTTCAATAGATAAGCAATAGAAT,5
527,TAGAGAACCACATGAGCGTAGTCTATCAT,5
528,ATGATTTTTAGGGGGTGTGGAGGTATTAT,5
529,TCGTCACTAGTGGCATGGATTAATATAAT,5
530,TTGGCCAAGAGGGGCAAAGAGCATAAAAT,5
531,CAGATTGCTTCGCCACCGTGGCATATGGT,5
532,TTGAGTGGTTTGTGATGGAAATCTATAGT,5
533,ATGTTAGGGTTCACTCGCGATAATATAAT,5
534,TATGCAATGGTGAGGACATATCCTAAAGT,5
535,TGGTTTGTGTCACTGGATACTTTTATAAT,5
536,AAGGTTGTTTTTTTCTGGGGTGGTATAAA,5
537,TAGGCTGTTCACCTACTGCTTTTTATAAT,5
538,CAGGTATTATGAACAAAGCAAAATATGAA,5
539,AAGATGCGGGCGGGAAGTGTTAGTATACA,5
540,CAGACTCTGTCCTTTCTTGCCTGTATATT,5
541,TTGTCGCCGAAACCATGCGTTCATATAAT,5
542,GTGACTTGGTAAGGGTGGCTAGATATTAT,5
543,TTTGTTGTTAGGGGGTCAACGTATAGAAT,5
544,TCGGTTGTTACTACCGACATCGGTATAAT,5
545,TTGGTACCTTGACGAGACTTCCGTACAAT,5
546,TTTATGTGTTAAGGGCGATGACATATGAT,5
547,TAGGTAAGTAAGAGTTGATATTTCAAAAT,5
548,TCTATATGGTTGAAGGGTTTTTGTATAGT,5
549,AAGGTAATGTGGATAGAGGGATGTATGAT,5
550,GAGATGTAGTAGGGCCAGGGATGTATGAT,5
551,CTGGTTACGTTCAGTGATTTTAATATAAT,5
552,TTGAATTCCGCTGGTTTGTTGCCTATAAA,5
553,TATATTGATCTGCCGATGAAAGCTACATT,5
554,CCGATACAATTCACTGTTTCTGATAGAAA,5
555,ATGGTCCGGCGACCTACTGGGGATATAAT,5
556,ATGGCAGATTCGGGTAATGGGGATATAGT,5
557,CTGGTTTGGGGGACTGAAGTGAATATAAT,5
558,CAGACTTGCGAACGTATTTTTATTATCAT,5
559,GAGGCATCACTAGGAGCGTCAAATATGAT,5
560,AGGGCCTGGTTGTCTGTGGGCCCTATAAT,5
561,TTGTTGTTAGTATAAATCCTTCGTATATT,5
562,TGTGTATGGAAGTGTGGATTGCATAAACT,5
563,CTGATGGGTGCAGGCATCTGAGGTACAAT,5
564,TTTGTGTCTTTAGCAACTTGGTTTAAATT,5
565,TAGGTGATCCCCACGTGCCACTGTACAAT,5
566,TCGTCAGATGTGTCAAGGGTAGGTATAAT,5
567,TCGGTTGGGCGGAATGTGGAGGGTCTTAT,5
568,CAGACTGTTTTCAATTCTAAGTCTACAGT,5
569,TCGATCGGACTAATCACTCCTGTTATAGT,5
570,ACGGCTACCCGCCTCGCTTTTACTATTAT,5
571,TCGGTCGCGGTCCTTGCCGGTTCTATTCT,5
572,TTGTCGGACCCATCCATAGTTGCTAGATT,5
573,CAGATACGGCCTGCGGGAGACGGTATATT,5
574,GTTGTAATTAAGGGTGCAGGGCCTAAGGT,5
575,TTGGCGTGTGGTTTACGACCGGTTATTAT,5
576,AGGGCAGGATATGGGCGGCAGTATATGTT,5
577,TTGACGCATCGGAATATTACGCATGTAAT,5
578,GTGATTTAGAATGTAGGACCTTTTATATT,5
579,TGGATCAGGTAGGAGGCTTGACATACAAT,5
580,GTGATATACATAGGGCTAGTTTTTATAAT,5
581,CAGGTAACACTATAACTCAAGAGTATAAT,5
582,GGGGTTATACAATGGACTGTCCGTATAAT,5
583,TCTATTTTACGCAGATGAAGCTGTAACTT,5
584,TCGGTCTTCGGGAGGGATGACCGTATAAT,5
585,CTGATTGTTATGATAAAATAAGATATAAT,5
586,GTGATATTAGAAGCATCACCGATTATAGA,5
587,TTGTTGTGGGCCAGAGTTAACTTTAAAAC,5
588,GTGGTCCCTAGTTTCACATCTACTAGAAT,5
589,ATTGCATCCGTCGTAGCATATCATATTGT,5
590,TAGGTAAATCGGAGGTTTGGTTCAATGAT,5
591,GTGACCTAATATAGGTTCATGTCTGTACT,5
592,CAGATTTTCCATGCCCGAACGTATATAGT,5
593,ATGACGGAGAGCTTAAGTAAGAGTATTGT,5
594,TTGAGTGACGCATGACGTTAATCTACAGT,5
595,TGGGTGAGGTATAAATTAGTGAATATAAT,5
596,TCGGTACTAATGCGAGTACGACTTATAAT,5
597,GTGTTATGTTAGCATGTCGTTTCTATAGT,5
598,AAGACACTTCATGGGCGCACTGTTATATT,5
599,ATGGTGGTGATTTCTAGCGTTTTTATAAT,5
600,ACGATACCTTCCGGGGGCAGGGGTACAAT,6
601,ACGGTATACATATTAGTTGTTGTTATAAA,6
602,GGGACAGTTCTGTATCTGTAGGCTATTAA,6
603,TCGGCTATACACGGGATTGCTGACATAAT,6
604,AGGATGAGCGTTAGACTGCTCCATATAAT,6
605,AAGATAGAATCTCAACACCCTTTTATAAT,6
606,TAGTTTGCCGGAACTCTCGTCTGTATAAT,6
607,GCGATACGGGATTGTGCGGTATACATCAT,6
608,TAGACAATTTCAAAACGGGGCGCTAAAAA,6
609,TTGATATGAACTAGGGGGTACTATAAAAT,6
610,TTGAGTAATCCATTCTGACGTTTCACAAT,6
611,TCTACAGAATATGGAAAGGGCTTTACAAT,6
612,TTTACGGAACGGGCGAATGAGGTTATAAC,6
613,ATGGCGGGATTATACGTGAAGTTTATAGT,6
614,TAGGCGTATTCTCGCCAGCATGAGATAAT,6
615,TTTGCTAATGCTGAAAGAAGACGTATACA,6
616,TTGCTTATTCGCGGTACTATGAATATGAA,6
617,TAGACGAGTAGTGATATGGGGTTTAAATT,6
618,TTCATACGTGGCCCCTCTCTACGTATAAT,6
619,AGGATAGGATGTATTGACAGGTTTATTAT,6
620,AGGATGACTAGCCGCTGCGCACATATCCT,6
621,AGGACTTGGGAGGGATTGGCGTCAATGAT,6
622,TTTGCAGGGAAGGAAACAGCTTTTATAGT,6
623,AGGGCATAGGTTCCGTTGGTAGGTATAAT,6
624,ATGATGTTTATGAAGTACATTGATAGAAA,6
625,GTGACACGTTTCAGGTAGTACAGTGTAAT,6
626,TTGGCGGGTGTTTAGTAGTATTTTGTAAT,6
627,ACGATTACCAAGGGCTCTCGAAGTATACT,6
628,TCTATAGGAGGTGCTGTTAGGTTCATAAT,6
629,GCGACATATGTCTCTTGAGTTTGTATTAT,6
630,TTGATATGGGAAGTGGTGATATGTATAAA,6
631,TCGGTACACAGACCTCAACTACATATACT,6
632,TTTGTGGGCAGTAGCTCATTTACTAGTAT,6
633,ATTATATGTAGGATGGGGTCGGATAAAAC,6
634,ACGATATGATTGGGTTTTCGTTATAAATT,6
635,TTTATGAGGACCGTATGCTCTTCTATATT,6
636,GAGACATCAATTAGAGGTCCTCTTACAAT,6
637,AAGATAAATACATATCAGGTACTTATAAA,6
638,AAGATGAATAGGTACTCAACGTGTATAGT,6
639,GCGGCAGCAGAATCATCTCAATTTATAAT,6
640,GAGGTATCCATGTGGTTTAAGATTATAAA,6
641,ATGGTTGTTCGTAAGAGGGTTTTTATATT,6
642,CCGGCACGCTAATTTGAGATATCTATAAT,6
643,TAGGCCAAAAACCAGCGAATGGGTATAGT,6
644,AAGGCTTTTTAGGTGGTTACTAATATAAG,6
645,AAGATAACGGTCAGATGTTCGAGTATATT,6
646,GAGACGCTAATCAATCTCTAGGTTACGAT,6
647,GGGGTAGACGAGGTCGAACCAGATATAGT,6
648,TAGATTGCGTGGGGTGAAGGTTTTATAAT,6
649,CTGGTTTAAGAGGTAGTTTTTTCTACAAT,6
650,GAGGTACTGGGGGGTCTCAAATGTATGAT,6
651,TAGGCAGCGGGCGAAGCGCGGATTAAAAT,6
652,TGGATCAGCAGGGTCCATGACATTATCAT,6
653,GTGGTTATAGAAAGAATCAAAAATATAAT,6
654,GTGACTTGTTTTTTCGGTACTCTTTTAAT,6
655,TTTATAGTTTGCTCTCATAGGGATATACC,6
656,TCTGCACGTGTCCCGAGGAGCCATATACC,6
657,ATGGTAAAGATAGAACGTGTACTTATATT,6
658,CGGATTGCCTGGCTCAGTGTGACAAGAAT,6
659,GAGATGTCGCAACCGGTACCATCCATACT,6
660,TAGTCATTGTGAGTCGGGCTTGTTAAAGT,6
661,TAGGCTGATGTGTGACCACGAAGTAGAAA,6
662,TATATATCGTAATGTCTCACATACATACT,6
663,AGGGCTAAGAAGTGAGAGTCCTTCATACT,6
664,TCGTCAGTAAGGGGGTGTCGGCTTTTAAT,6
665,CTGATGGATGGTCGATACTTACGTATAAA,6
666,GCGGCAGAATAAGAATTTATTGGTATCAT,6
667,AGGGCTTTTAGGTCACTCGTTCATATTGT,6
668,AGGACTTCATTCGTATTTTTTAATATAAA,6
669,TGGACGGACCGAGTTGGGCGCAGTATAAA,6
670,ATTGTACCGGACATTCTTCTACGTATAGT,6
671,TGTGTATAGCTGTGATTAGGGCTTACGAT,6
672,GTGATGGGTTGGGGGGGGTTTTTTATAAT,6
673,GTGTCAGTTTTTTATTCACTACCTATGGT,6
674,ATTATATGTCGAAGGTGGGATGATTTAAT,6
675,CAGATATTGGTGATCTTATTGTGTATAAA,6
676,TGGTTAGGAGGCTTCAGGACACGTATTAA,6
677,ATGGTGGTGTATGGTCGATAAGATAAAAA,6
678,TAGGCTACCGATGAAGCGGGTCAGATAAT,6
679,GAGGCTGTGGACGGGTTCTCCGTCAAAAT,6
680,ATGGCAAATGGATTCCACAGTAGTTTAAT,6
681,TAGGCTGGCGGCGCTGGTGAGAGTAAAAT,6
682,CCGATATTTTAAGTTTTTTAGCAGATAAT,6
683,ATTGCATTGACCAACTCCGACAGTATTCT,6
684,CGGATAGTCGAGCATGGAGGGGGTATATT,6
685,TGTACTCGTATTACACTCTGTCATAAACG,6
686,GAGATGTTCTGCCGTGATATTCGTAAAAT,6
687,ATGGCATGCCTTTTTTTCTTATTTATATT,6
688,ATGATCGACTCGTGTATTGGGGTCAGAAT,6
689,GGGGCACTAGGATAGTGTCTCTATATACT,6
690,TTGGCAAGTTAATTTCACTTGGGTATTTT,6
691,CTGGCGCCCAATGTGTCTACACCTATATT,6
692,TATGTAGTAACAGTTATGCTGGATATTCT,6
693,GGGATACATTCGGTGCCTTTGCTGATAAT,6
694,ACGGCTCCTTGTATACTGGGGACAATAAA,6
695,ATGATAGGGCTAGATGGGGGTATTATCAT,6
696,TGGATGAAGTAGTAGGTTGTGGGCAAAAT,6
697,CTGATTATGAGCGCTCGGAACCGTATACT,6
698,CAGGTAAAATTAAGACAGGGATTTATGAT,6
699,GAGGCATTGAATATTTCGAAAGCTAAAAT,6
700,TAGGCTGGAACAAATTTTATCAGTATAAA,6
701,CAGGCAGATGTACGATGCTCCCATATAAG,6
702,TATGCAAACGTTTTTTTCTAACATAAATT,6
703,TTGGTTTGCTTCGACACTGTTCGTACAAT,6
704,TGGACTCGAGACTACTTAAATCATAAATT,6
705,TTTACACGTGGTGGACGGGGCCCGAAAAT,6
706,TCGATGTTGAAATGAGTGAGATTTATATT,6
707,AAGACACTTCAATTTTTTTGTCTTATAAC,6
708,TGGACTAGATATGGGCGCAAAGACATACT,6
709,GAGATAGGCGACGTGGGGGAGAGTATCAT,6
710,AAGGCTGATTGGTAGGATGAAAGTATTGT,6
711,TTGGCTTAAGGTCGTGGGAGATATATTAA,6
712,AAGATAATAGAGTGACGGAGCGGTAATAT,6
713,ATGGCGGGGCTGGACGTGCGTTGTAAAAT,6
714,CTGGTTTATGATCATTTTCAAGTTATAAA,6
715,TCGGCATGAAGTCTTGGTTTGGGTATGGT,6
716,CCGGTAGAGATGTCGTCGATTAATATACT,6
717,CAGGCATAACCAGCGCCGCAGGATAAAAT,6
718,TTGAATCTCTACTACTGTCTGGGTTTAAT,6
719,TAGACTGGTAGTAGGGGGGGCGGTTTAAT,6
720,AGGGCTACGATCCGCTGGTAATCTACAAA,7
721,TGGGTGTGCGTTATCTAAGATTCCATACT,7
722,CTGGTTTGCGTATTTCGAGTGATTATAGT,7
723,TTGGCGGGCTTCTTTGGTGAAGGTATAAA,7
724,GCGGCATATTGTAATGCTAGCAATACAAT,7
725,GTGATACACGCAGTATCCGTTTTTATAAT,7
726,TAGACGTTGGTAATCGACGTGTATAAAAG,7
727,TAGGTGTTAAATATTGTTTTTCACATACT,7
728,TTTATTATAGCATGAGTGGCAAGTAAATT,7
729,AAGGCAAGATGTAGATTGGGGGTTAAATT,7
730,AAGATGTTAATACCCTTGAGTTGTATCAT,7
731,AAGGTGCACTTTGTGTGGAGTCGCAGAAT,7
732,ATGACATTCTCTGTTCTTATGCCTAAAAC,7
733,GTGATATTAATTGTTCCGAGTTGTACATT,7
734,TTTATGGGACCATCTGGGGTCTGCATACT,7
735,CAGATAAGCGGGGGTTATGGCCTTATAGA,7
736,GGGGCAAACGGCCAAGAATAGGATATTGT,7
737,CTGACGGACTCTGGATGGGGGTTTATAAA,7
738,TTGGTTTAGAATAGCTTGTTGGATATCCT,7
739,ACGATAGAACAGGTGTTATTTTATATGCT,7
740,ATGGCTTGATTCCCATAATGATATAAAAA,7
741,CTGGTAAGTTGGGTGTAGGATTTTATACG,7
742,AGGACTGTATATTGGATATTTATTACAGT,7
743,AGGATATTTTGAGTTTTCGTGAGTATACA,7
744,GCGACAGATTAGAAACGATTACCTATACA,7
745,TGTACAGGTAGTCATGAAGATAGTATACC,7
746,TGGGCTGTTAATTTTTTAGAACATATATA,7
747,TTGACGCAGTCAGCAGGTGACTCTACAAG,7
748,TAGACTGATCGCGGAAGGGGACTTAGAAA,7
749,TTGATGCGGTGTCTAGTGTTAAATAGAAT,7
750,TCTATTGACTGGTCTGCAGGGTTTATAAA,7
751,TAGACGAGGTGCTGGGGGTTAATTATTCT,7
752,TATATATTTATGTCTTAGATTTTTACAAT,7
753,CAGATTGGACACTTGGCTACGGATATAAA,7
754,TGTATAAAAAGTTTTCGTCTGTGTATACG,7
755,TTCATAGTTAGCGATTCGCGCCATACATT,7
756,TGTGCACGCTCTGTGGGCTACTGTATGAA,7
757,CTGGCACGAGAAGGTTGTATGGATATAAC,7
758,ATGATAATAAAAGTGCGTGATGTTATAAG,7
759,TCGTCACGATACACTGGCGTGCGTATGTT,7
760,AAGGTACGGTATTTTCTTTTACCAATGAT,7
761,CGGGTAGGGGATCTGAACCACGGTATAAT,7
762,ATGACTTAGTAATTATAAGCAGTTATATA,7
763,TCGGCTGATAATTTTATATTTTTTATGAT,7
764,GTGATAATCGATATCTTTAGTCTTATAAA,7
765,AGGACGGCTCCTGCCGCCCCTCATACATT,7
766,TGGATTGTCGTTGTGCTTCGGAATATGGT,7
767,CAGACAATGAAGCTAGTTAGCGGTATAAG,7
768,GGGGCAAATAAATAGCTGGTGGGTATGAT,7
769,GTGGTCCCATATTCGCTCAATCTTAAATT,7
770,TAGACTAGGGGACGGGGGGAGGTCAGAAT,7
771,ATGGTAGATCTCTAGCTCGCGTATATAAC,7
772,TAGATGAGGTAATTTGAGCCATCTATAGT,7
773,AAGGTGTAACTTACGTTCCAGGGTATGGT,7
774,TTGGTAGAAAGCCATAGCGATTATAAAAG,7
775,AAGACTTGTACTGCCAAAGATAGTATACC,7
776,AAGACGTTGGTGTCGCATGCTCATATCCT,7
777,GCGGTTCTCTGTGGTGACCCACCAAAAAT,7
778,TTGGTTAGAGGCGCATAGATAGGTAACAT,7
779,TTGTGTTCCCGTGTCCGCTCCGACATCAT,7
780,TTGATAAGCGTTTAAAGGTTTTCGATACT,7
781,TGGGCTAGATGCCTGACGACGCGTAGAAT,7
782,TAGATTAAGTGTATCTCACCAGCCAGAAT,7
783,TCGACGGTACATGCACATGCGCATATAAA,7
784,AGGACTTTAAAGCGAATGATCTACATAAT,7
785,AGGACTTTGTGTTGTCATTTGTCCATCAT,7
786,TGGGCTAGGGGCGTCAACGGGGTTATACA,7
787,GAGATTGGCGCTTGAGCGAGTCGTATAGT,7
788,AAGGTGGACAGACCACGTCGTTCTAAACG,7
789,GTTATATAAGCGGTGCGGTTCACTATCTT,7
790,GGGACTGAGAGGTTCTTAGACCGTATAGT,7
791,CTGGTTGAAGTGAGTTATAAGGGTAAAAG,7
792,TAGACGAGCAACAACTAGATCAGTATAGA,7
793,ACGACTAGGATGGTAGGAAGGTATATAAA,7
794,CTGACACTTGATGTATCGTTTTTTACATT,7
795,AGGACAGACAAGAGACGCCCAGGTATTCT,7
796,TGGATTAAGGGTGACGGGGGGCTTATAAA,7
797,TCTATAAGAGGTATCCGTTAATGTAAAAG,7
798,AAGGTTCAGTAGTTCGTATTTGGTATTGT,7
799,ATGACCATTGATCTCGATTGTTTTATAAC,7
800,ACGATAGGAAAGAGAAGAGAAGGTATAGA,7
801,ACGGCTCCATATTTCAGTCTTTGTATCAT,7
802,TGTACAGGAGAGTACATTCGGATTGAAAT,7
803,GCGGTTTTAAAACTTTATTTTGCTATACA,7
804,TCGACAGAGGCGTCGTGTGTGATTATCGT,7
805,ATGTTAGCAAGGTACGGGCGCTCTATATT,7
806,TAGGTTGATCTGCAGTGCATGAATATAGT,7
807,CCGACATTCATCCAGAGTATTTTTATATT,7
808,ATTATATATCACGTCAGGGTGGATATGCT,7
809,AAGATTGGGGGGGGACGGCGAAATATAGT,7
810,AAGATAGCAGACGTAGAGCGGGATAAAAT,7
811,TCGGTGTATACACGTGCTCTAGCTATGAT,7
812,ACGACTCCGATAGTTTACTCGGTTATAAC,7
813,GGGATTTAAAGCTTTTGTTACATGATAAT,7
814,AAGATGAGGTAATGGGGTGGAGGTATGAT,7
815,TCGTCAGAGAGTGGTCGTAAGCCTAAATT,7
816,GCGACTGGGTGGGGGATTTGAATTATAAT,7
817,TCTGCATAACTCGGTGGTGCGGGTCTAAT,7
818,TTGTCGGGTGGCTCCTTCTGCGCTATGAA,7
819,TCTGCAAGCCCTAGCATCTTCATTGTAAT,7
820,TATACACCCCAAAGATTTTGGTGTATGAA,7
821,CGGATTGAGGTGCCAGGACACCCTATATT,7
822,GTTATAGCGGTTCTATGCGTTCATATAGT,7
823,TTGGAAGGCAGGGCAGCATTATTCATAAT,7
824,TTGGTTTCAGGATCGTCAGGTCGCATAAT,7
825,ATGGTCCATTGCACATGTACATCTATTCT,7
826,AAGGTGTCCTTCATATCCCGGTTTAGAAA,7
827,TGGGCATGGTAGGGGTTAGGTATTATACC,7
828,GAGGCTATGTACAAAGGCCGGTCTATTAA,7
829,TGTACATCTTTTGATGAAGAGAATATACC,7
830,AGGGCCATATGGTCAGCTGTTCTGATAAT,7
831,ATGTTAGAACTCTGGAAAGTCTGTATACA,7
832,TGTGTAGTACTTTGGGGAGTTGATAATTT,7
833,GTGATCAAAATAATTTGAATGACTATGTT,7
834,TTTACTAACGCAAGGGATACAGCTATACG,7
835,TTGCTTTATAGACTACGGAATTCTGTAAT,7
836,ACGATTAGTCCGTGTGTATTTAGTAAAAC,7
837,ATGGTGGTTATCCCTATGGTGTCGATAAT,7
838,TTGTCAGGACATTTTTACGATGATATGAA,7
839,TGGATTGGGTGTGATGGAAACTTTTTAAT,7
840,TCTGCAGCATTGCCCAATGTACTTATAAA,8
841,ATGGTGTGTTTTTATTTTCCGTATATAAA,8
842,TTTATTCCCAGTAGCAGGACGGGTAAAAC,8
843,CTGGCACGAAATGAAGGGCGGATTAAAGT,8
844,TAGATCTGGGTGAAAACGGCACAGAAAAT,8
845,TAGGCCAGCTGTGTGACCTCGAGCATAAT,8
846,TAGACGCATCGGGTTTCTGGGGCTGTAAT,8
847,AGGATGGCCCACACGTGCACCCCTAAAAG,8
848,CAGATTCATTTCCTCGGTCTACTTATAAG,8
849,TTGCTACATGAGTCTGTTCAGCTTAAAAA,8
850,GCGGTTCCTATCTTCATCTTCGCTAGATT,8
851,GTGGTTCAAAGCTACTCCCGCCGGAAAAT,8
852,ATGATAGGCATACGGGGGGGGGGACAAAT,8
853,CAGGTAAAGATAATGCTTGCGCATATTCT,8
854,GAGATGGAGCGTGTTGCGACGACTATGGT,8
855,GGGATTTATTTAGTTGTTTTTTTTATGAA,8
856,TCGGTCGCCTGTTTCAACCCTTCTATACG,8
857,TTGGCGCTTAGTTACCTCTTGGATATGGT,8
858,GGGGTTAGGTTGGCTGGTATCGTTATGAT,8
859,TCGGTACAAAGGTGGGGTGAATATATAGT,8
860,GAGGCAGATACAATCCAAATCATTATCAT,8
861,GGGACTATAACAAAATATAACCTTAAAAC,8
862,GGGGTTGGAATGGAATTAAGAAATATACT,8
863,ACGGTAAGTATGAGACGACTGTCTATGAA,8
864,GAGACGATGGTCACGTAGCCCCCGGTAAT,8
865,CAGACTGGCGCCTTTGCCGGTGATGTAAT,8
866,TTGGCCTGTTTCTTGTCGGTACCTATAAA,8
867,ATGATTTGATAATCCATAGTGTTTAAAGT,8
868,ATGGCATTGGAAATGAGGAGATTTATATT,8
869,AGGGCAGGCACTCGGGCGGTGAGTATAGT,8
870,TCGGTAACTGACATATTAAGAATCATCAT,8
871,TTTATATACGTTGGTTAACGGTTTAAATT,8
872,TGGAAATAAGGGGGGCATACGCCTAAAAC,8
873,TTGAAAGGGTGAGACATCCGGCGTAGATT,8
874,CAGATTGGCCCAGTAGGCATCCTTATAAT,8
875,GAGGCTGTCGTCCTTCTGTTGGCTAAGGT,8
876,ACGATTGTTCGGAGTATTGACGGTATAAA,8
877,AGGGTTGTTTCATTTTTCGTTTTTAGATT,8
878,ATGACTGTTGGTCACGGTACTTCTATACG,8
879,TTGTCAGTAAAATTAAGGACTTTTAAAAC,8
880,CGGGTAATTTAGTCTCTGTTGCCAACAAT,8
881,TTTACTCTGTGAACAAGTGAGACAATAAA,8
882,AAGGTTTGGTTAGGTGCGCGGCGTATAAG,8
883,TTTAGCTAACGCGTCAGGAGCTTTAAAAC,8
884,AGGGTTGTTTCATTTTTCGTTTTTTAAAT,8
885,GTGGCGTATTTATTATGTGGATCTCTAAT,8
886,GGGATATAGTAGTTTTCAACCTCGAAAAT,8
887,TATACACCATATTGAGTCTCTCGTATACA,8
888,TAGATTTAGTGAGTTGGGGTCATTAAATT,8
889,TAGACGAAAGGGTTCTGCGTTTTTAAAAT,8
890,TTGGCCTTCTTGTACCGTGAAGTTAAATT,8
891,AAGGTTTAGAATCATTATATTAGTAAATT,8
892,TCGATGATGGAGTCTTCAACCGAGATAAT,8
893,ATGGTGTTTGTTTGGTTTCTCCCTAAATT,8
894,TCTGTAAGGTCAGGTTGGGAGTCTACAAA,8
895,ACGACTTAGTCGGTGTGTAAATACAAAAT,8
896,GCGATATGGGGATTGATTGCGTGTAAAAG,8
897,AAGGTAACTTTGATCGGTCATTTTATACA,8
898,TTTATAGTGAAGTTAAATATTTTTATTAT,8
899,CAGATTGAGCGGAGCACGTGGCGTATAAG,8
900,TTGGAACGGGAGGGTCGGAACGCTATAGA,8
901,ATGGTAAAGGAATGCTCCGTCAATAATAT,8
902,GTGATATGTGAACCGCGAACCTCTATACA,8
903,GAGGTTCAACGGGTCGAGAGTCATATGTT,8
904,TCTGTAGTCTACCTGTCGCCGGGCAAAAT,8
905,ATGGTGCTTATATTGGTTGACTCTGTACT,8
906,TTGTTTAGTGCTTTCCTACGGGGCATCAT,8
907,AGGATGAACTTCTGAATGCTCAATAATTT,8
908,ACGGCTGCTGGGGGTGCCGATTTTACAGT,8
909,GAGATTGATATGACGGATGAGTCTATCGT,8
910,ATGGTGTGTCATCGGAGGTGCAATATTAT,8
911,TGGACGTAGGGGGCACGCTAGAGTAGAAA,8
912,GTGATATTAGAAGCATCACCGATTAAATT,8
913,CAGGCAGCACCTAAAGACGAACGTAGAGT,8
914,TGGGTAGTACTACTTGGGTTTCTTATACG,8
915,GTGGTCCATGGATCTGCAATCGTTAAATT,8
916,AGGGTATCGTAGTACTTTTTATCTAAAAA,8
917,TCGACTAAGTCCGTGTAGGTTCTCACAAT,8
918,TGGGTCAAGACAGATGCATGTTTTATAAG,8
919,TCGATGACAGAATATGGATTTAATAAAGT,8
920,TTGGCTGGACTGGGGGGTCATTTTAAAAT,8
921,TCGGTATACAGGTTGATAAGAATTATACA,8
922,GAGGCTCGACCCTGATTACCTAATAAAAC,8
923,TTGGCAATTACTCTACCGAAGGTGAAAAT,8
924,GGGATGAGGTGTAAAAGCTACTCAATGAT,8
925,ACGATTGTCCAAAGGCTCGCGAGTAGAGT,8
926,TCGTTTGGTAGAAATAGTCGTAATACATT,8
927,CAGGCATGGCGTGGCCCCTTGTGCATCAT,8
928,CAGATATGATGCTTAATTTTGGTTATGAA,8
929,GCGGTTTCCTGTGGTAAGTACCATACGAT,8
930,GAGGCATAGATTATAAGAGAATTTATCAT,8
931,ACGATGAAAGCGACGCTTTCGCCCAAAAT,8
932,TAGCTACAGCGACCTAGGCTAGTTATAAA,8
933,TCGGCCCGGTGTCGTGGAAGGCGTATATT,8
934,AGGATTGCGACACCACGACCACATATGAA,8
935,TTTACAGCTTCGAGCGGTCAGGTCATCAT,8
936,GTGACTGGAATGTTGTCAAACGGTATTTT,8
937,GGGATGTACGAACGTCCTCGATCTATCTT,8
938,GGGATACTCAGGTCGGGTCATAGTATAAG,8
939,TCTATTCGCTCGTATAGTGAAGCTAGATT,8
940,ATGACGTTGGATTATTGGAACAATATAGT,8
941,TCTATTTCGATGTTGGACGTCTGTATTTT,8
942,AGGGCCGATGTAGACCGTGTTCCTATTAT,8
943,ATTGCAAAGGGCCGGGGGGCAACTACAAA,8
944,AAGGTTTAAGCCAGTTGGCAGAGTAGAAA,8
945,TAGATTGGAGATTTTTTTATTCGTATTGT,8
946,CAGATACGGCTATGGTGCTTTAGTTTACT,8
947,TAGTCAATTTTTGATAGGTTGGCTAAAAC,8
948,AGGATGCGTCTCCCGACGGCTCGTATAGT,8
949,TTCATACTCCAGAAGCGTTGGGCTAGAAA,8
950,ACGATAGTACTTTTGTCTTCTATTAGAAA,8
951,GTGGTTTGATGAGCTCTACAGACTATTAA,8
952,GTGGCGTAGGGCGATCCTTTCTTTACATT,8
953,TTGATCGTCGCTGTCTGTGCACTTATAGA,8
954,CAGGTATCACCTCGGACCTCCTCAATAAA,8
955,GGGGTTGTAGCAAAAGGGGGATTTACACT,8
956,TAGGTAGGGCTGGAACGTAAGGGTCTGTT,8
957,TCTATAAGTTTCCGTGGAGGGGGTATCGT,8
958,TATATAGCAGCGGTAAGAGAGACTATATT,8
959,AAGACTTCATTGTTAAGGCTTTGTATGCT,8
